{"initial_reset_timestamp": 1596333214.8714237, "timestamps": [1596333218.515663], "episode_lengths": [1709], "episode_rewards": [16200.0], "episode_types": ["t"]}