{"initial_reset_timestamp": 1591896170.3647125, "timestamps": [1591896171.2701452, 1591896173.04958, 1591896174.2799332, 1591896175.0152936, 1591896175.7705672], "episode_lengths": [84, 171, 152, 101, 104], "episode_rewards": [2.0, 4.0, 3.0, 2.0, 2.0], "episode_types": ["t", "t", "t", "t", "t"]}