{"initial_reset_timestamp": 1595767249.8112154, "timestamps": [1595767255.1588228, 1595767255.4268086, 1595767255.8727021, 1595767256.1704993, 1595767256.3122222], "episode_lengths": [1546, 53, 139, 94, 44], "episode_rewards": [263.0, 4.0, 9.0, 11.0, 4.0], "episode_types": ["t", "t", "t", "t", "t"]}